field_name,top_left_x,top_left_y,bottom_right_x,bottom_right_y
date,0,0.11375,0.40974358974359,0.251275510204082
time,0.369631901840491,0.11375,1,0.251275510204082
